<beanio xmlns="http://www.beanio.org/2012/03">
    <stream name="streamMasterIP" format="csv">
        <parser>
            <property name="delimiter" value="," />
            <property name="lineSeparator" value="\n" />
            <property name="whitespaceAllowed" value="true" />
        </parser>
        <record name="record1" class="MasterIP">
            <field name="sourceIP" />
            <field name="destIP" />
            <field name="IPLength" />
            <field name="fileName" />
            <field name="timeStamp" />
        </record>
    </stream>
</beanio>